Exam,Year,PaperOrSection,QuestionNumber,PageStart,SourceFile,QuestionLink,SolutionLink_Official,SolutionLink_Answers,SolutionLink_Worked,Topic,Subtopic,ESAT_Module,ESAT_SpecRef,ESAT_Strict,ESAT_Broad,PAT_SpecRef,PAT_Compatibility_Strict,PAT_Compatibility_Broad,Notes
PAT,2018,Part A,1,2,PAT 2018.pdf,PAT 2018.pdf#page=2,PAT-2018-Solutions.pdf#page=2,,,,,,,,,,,,
PAT,2018,Part A,2,2,PAT 2018.pdf,PAT 2018.pdf#page=2,PAT-2018-Solutions.pdf#page=2,,,,,,,,,,,,
PAT,2018,Part A,3,3,PAT 2018.pdf,PAT 2018.pdf#page=3,PAT-2018-Solutions.pdf#page=3,,,,,,,,,,,,
PAT,2018,Part A,4,3,PAT 2018.pdf,PAT 2018.pdf#page=3,PAT-2018-Solutions.pdf#page=3,,,,,,,,,,,,
PAT,2018,Part A,5,5,PAT 2018.pdf,PAT 2018.pdf#page=5,PAT-2018-Solutions.pdf#page=4,,,,,,,,,,,,
PAT,2018,Part A,6,5,PAT 2018.pdf,PAT 2018.pdf#page=5,PAT-2018-Solutions.pdf#page=4,,,,,,,,,,,,
PAT,2018,Part A,7,6,PAT 2018.pdf,PAT 2018.pdf#page=6,PAT-2018-Solutions.pdf#page=5,,,,,,,,,,,,
PAT,2018,Part A,8,6,PAT 2018.pdf,PAT 2018.pdf#page=6,PAT-2018-Solutions.pdf#page=5,,,,,,,,,,,,
PAT,2018,Part A,9,7,PAT 2018.pdf,PAT 2018.pdf#page=7,PAT-2018-Solutions.pdf#page=6,,,,,,,,,,,,
PAT,2018,Part A,10,7,PAT 2018.pdf,PAT 2018.pdf#page=7,PAT-2018-Solutions.pdf#page=6,,,,,,,,,,,,
PAT,2018,Part A,11,8,PAT 2018.pdf,PAT 2018.pdf#page=8,PAT-2018-Solutions.pdf#page=7,,,,,,,,,,,,
PAT,2018,Part A,12,9,PAT 2018.pdf,PAT 2018.pdf#page=9,PAT-2018-Solutions.pdf#page=8,,,,,,,,,,,,
PAT,2018,Part A,13,9,PAT 2018.pdf,PAT 2018.pdf#page=9,PAT-2018-Solutions.pdf#page=8,,,,,,,,,,,,
PAT,2018,Part A,14,11,PAT 2018.pdf,PAT 2018.pdf#page=11,PAT-2018-Solutions.pdf#page=9,,,,,,,,,,,,
PAT,2018,Part A,15a,12,PAT 2018.pdf,PAT 2018.pdf#page=12,PAT-2018-Solutions.pdf#page=10,,,,,,,,,,,,
PAT,2018,Part A,15b,12,PAT 2018.pdf,PAT 2018.pdf#page=12,PAT-2018-Solutions.pdf#page=10,,,,,,,,,,,,
PAT,2018,Part A,15c,12,PAT 2018.pdf,PAT 2018.pdf#page=12,PAT-2018-Solutions.pdf#page=10,,,,,,,,,,,,
PAT,2018,Part A,15d,12,PAT 2018.pdf,PAT 2018.pdf#page=12,PAT-2018-Solutions.pdf#page=10,,,,,,,,,,,,
PAT,2018,Part A,15e,12,PAT 2018.pdf,PAT 2018.pdf#page=12,PAT-2018-Solutions.pdf#page=10,,,,,,,,,,,,
PAT,2018,Part A,15f,12,PAT 2018.pdf,PAT 2018.pdf#page=12,PAT-2018-Solutions.pdf#page=10,,,,,,,,,,,,
PAT,2018,Part A,16,14,PAT 2018.pdf,PAT 2018.pdf#page=14,PAT-2018-Solutions.pdf#page=11,,,,,,,,,,,,
PAT,2018,Part A,17,15,PAT 2018.pdf,PAT 2018.pdf#page=15,PAT-2018-Solutions.pdf#page=12,,,,,,,,,,,,
PAT,2018,Part A,18a,16,PAT 2018.pdf,PAT 2018.pdf#page=16,PAT-2018-Solutions.pdf#page=13,,,,,,,,,,,,
PAT,2018,Part A,18b,16,PAT 2018.pdf,PAT 2018.pdf#page=16,PAT-2018-Solutions.pdf#page=13,,,,,,,,,,,,
PAT,2018,Part A,19a,18,PAT 2018.pdf,PAT 2018.pdf#page=18,PAT-2018-Solutions.pdf#page=15,,,,,,,,,,,,
PAT,2018,Part A,19b,18,PAT 2018.pdf,PAT 2018.pdf#page=18,PAT-2018-Solutions.pdf#page=15,,,,,,,,,,,,
PAT,2018,Part A,20a,20,PAT 2018.pdf,PAT 2018.pdf#page=20,PAT-2018-Solutions.pdf#page=16,,,,,,,,,,,,
PAT,2018,Part A,20b,20,PAT 2018.pdf,PAT 2018.pdf#page=20,PAT-2018-Solutions.pdf#page=16,,,,,,,,,,,,
PAT,2018,Part A,20c,20,PAT 2018.pdf,PAT 2018.pdf#page=20,PAT-2018-Solutions.pdf#page=16,,,,,,,,,,,,
PAT,2018,Part A,21a,22,PAT 2018.pdf,PAT 2018.pdf#page=22,PAT-2018-Solutions.pdf#page=18,,,,,,,,,,,,
PAT,2018,Part A,21b,22,PAT 2018.pdf,PAT 2018.pdf#page=22,PAT-2018-Solutions.pdf#page=18,,,,,,,,,,,,
PAT,2018,Part A,21c,22,PAT 2018.pdf,PAT 2018.pdf#page=22,PAT-2018-Solutions.pdf#page=18,,,,,,,,,,,,
PAT,2018,Part A,21d,22,PAT 2018.pdf,PAT 2018.pdf#page=22,PAT-2018-Solutions.pdf#page=18,,,,,,,,,,,,
PAT,2018,Part A,21e,22,PAT 2018.pdf,PAT 2018.pdf#page=22,PAT-2018-Solutions.pdf#page=18,,,,,,,,,,,,
PAT,2018,Part A,22,24,PAT 2018.pdf,PAT 2018.pdf#page=24,PAT-2018-Solutions.pdf#page=20,,,,,,,,,,,,
PAT,2018,Part A,23,26,PAT 2018.pdf,PAT 2018.pdf#page=26,PAT-2018-Solutions.pdf#page=21,,,,,,,,,,,,
PAT,2019,Part A,1,7,PAT 2019.pdf,PAT 2019.pdf#page=7,PAT-2019-Solutions.pdf#page=2,,,,,,,,,,,,
PAT,2019,Part A,2,7,PAT 2019.pdf,PAT 2019.pdf#page=7,PAT-2019-Solutions.pdf#page=2,,,,,,,,,,,,
PAT,2019,Part A,3,8,PAT 2019.pdf,PAT 2019.pdf#page=8,PAT-2019-Solutions.pdf#page=3,,,,,,,,,,,,
PAT,2019,Part A,4,9,PAT 2019.pdf,PAT 2019.pdf#page=9,PAT-2019-Solutions.pdf#page=4,,,,,,,,,,,,
PAT,2019,Part A,5,10,PAT 2019.pdf,PAT 2019.pdf#page=10,PAT-2019-Solutions.pdf#page=5,,,,,,,,,,,,
PAT,2019,Part A,6,10,PAT 2019.pdf,PAT 2019.pdf#page=10,PAT-2019-Solutions.pdf#page=5,,,,,,,,,,,,
PAT,2019,Part A,7,11,PAT 2019.pdf,PAT 2019.pdf#page=11,PAT-2019-Solutions.pdf#page=6,,,,,,,,,,,,
PAT,2019,Part A,8,11,PAT 2019.pdf,PAT 2019.pdf#page=11,PAT-2019-Solutions.pdf#page=6,,,,,,,,,,,,
PAT,2019,Part A,9,12,PAT 2019.pdf,PAT 2019.pdf#page=12,PAT-2019-Solutions.pdf#page=7,,,,,,,,,,,,
PAT,2019,Part A,10,13,PAT 2019.pdf,PAT 2019.pdf#page=13,PAT-2019-Solutions.pdf#page=8,,,,,,,,,,,,
PAT,2019,Part A,11,14,PAT 2019.pdf,PAT 2019.pdf#page=14,PAT-2019-Solutions.pdf#page=9,,,,,,,,,,,,
PAT,2019,Part A,12,15,PAT 2019.pdf,PAT 2019.pdf#page=15,PAT-2019-Solutions.pdf#page=10,,,,,,,,,,,,
PAT,2019,Part A,13a,16,PAT 2019.pdf,PAT 2019.pdf#page=16,PAT-2019-Solutions.pdf#page=11,,,,,,,,,,,,
PAT,2019,Part A,13b,16,PAT 2019.pdf,PAT 2019.pdf#page=16,PAT-2019-Solutions.pdf#page=11,,,,,,,,,,,,
PAT,2019,Part A,14a,18,PAT 2019.pdf,PAT 2019.pdf#page=18,PAT-2019-Solutions.pdf#page=12,,,,,,,,,,,,
PAT,2019,Part A,14b,18,PAT 2019.pdf,PAT 2019.pdf#page=18,PAT-2019-Solutions.pdf#page=12,,,,,,,,,,,,
PAT,2019,Part A,14c,18,PAT 2019.pdf,PAT 2019.pdf#page=18,PAT-2019-Solutions.pdf#page=12,,,,,,,,,,,,
PAT,2019,Part A,15a,20,PAT 2019.pdf,PAT 2019.pdf#page=20,PAT-2019-Solutions.pdf#page=13,,,,,,,,,,,,
PAT,2019,Part A,15b,20,PAT 2019.pdf,PAT 2019.pdf#page=20,PAT-2019-Solutions.pdf#page=13,,,,,,,,,,,,
PAT,2019,Part A,15c,20,PAT 2019.pdf,PAT 2019.pdf#page=20,PAT-2019-Solutions.pdf#page=13,,,,,,,,,,,,
PAT,2019,Part A,16a,24,PAT 2019.pdf,PAT 2019.pdf#page=24,PAT-2019-Solutions.pdf#page=15,,,,,,,,,,,,
PAT,2019,Part A,16b,24,PAT 2019.pdf,PAT 2019.pdf#page=24,PAT-2019-Solutions.pdf#page=15,,,,,,,,,,,,
PAT,2019,Part A,16c,24,PAT 2019.pdf,PAT 2019.pdf#page=24,PAT-2019-Solutions.pdf#page=15,,,,,,,,,,,,
PAT,2019,Part A,17a,26,PAT 2019.pdf,PAT 2019.pdf#page=26,PAT-2019-Solutions.pdf#page=16,,,,,,,,,,,,
PAT,2019,Part A,17b,26,PAT 2019.pdf,PAT 2019.pdf#page=26,PAT-2019-Solutions.pdf#page=16,,,,,,,,,,,,
PAT,2019,Part A,18,28,PAT 2019.pdf,PAT 2019.pdf#page=28,PAT-2019-Solutions.pdf#page=17,,,,,,,,,,,,
PAT,2019,Part A,19a,30,PAT 2019.pdf,PAT 2019.pdf#page=30,PAT-2019-Solutions.pdf#page=18,,,,,,,,,,,,
PAT,2019,Part A,19b,30,PAT 2019.pdf,PAT 2019.pdf#page=30,PAT-2019-Solutions.pdf#page=18,,,,,,,,,,,,
PAT,2019,Part A,20a,32,PAT 2019.pdf,PAT 2019.pdf#page=32,PAT-2019-Solutions.pdf#page=19,,,,,,,,,,,,
PAT,2019,Part A,20b,32,PAT 2019.pdf,PAT 2019.pdf#page=32,PAT-2019-Solutions.pdf#page=19,,,,,,,,,,,,
PAT,2019,Part A,21a,34,PAT 2019.pdf,PAT 2019.pdf#page=34,PAT-2019-Solutions.pdf#page=20,,,,,,,,,,,,
PAT,2019,Part A,21b,34,PAT 2019.pdf,PAT 2019.pdf#page=34,PAT-2019-Solutions.pdf#page=20,,,,,,,,,,,,
PAT,2019,Part A,21c,34,PAT 2019.pdf,PAT 2019.pdf#page=34,PAT-2019-Solutions.pdf#page=20,,,,,,,,,,,,
PAT,2019,Part A,22,36,PAT 2019.pdf,PAT 2019.pdf#page=36,PAT-2019-Solutions.pdf#page=21,,,,,,,,,,,,
PAT,2019,Part A,23,37,PAT 2019.pdf,PAT 2019.pdf#page=37,PAT-2019-Solutions.pdf#page=22,,,,,,,,,,,,
PAT,2019,Part A,24a,38,PAT 2019.pdf,PAT 2019.pdf#page=38,PAT-2019-Solutions.pdf#page=15,,,,,,,,,,,,
PAT,2019,Part A,24b,38,PAT 2019.pdf,PAT 2019.pdf#page=38,PAT-2019-Solutions.pdf#page=15,,,,,,,,,,,,
PAT,2019,Part A,24c,38,PAT 2019.pdf,PAT 2019.pdf#page=38,PAT-2019-Solutions.pdf#page=15,,,,,,,,,,,,
PAT,2019,Part A,24d,38,PAT 2019.pdf,PAT 2019.pdf#page=38,PAT-2019-Solutions.pdf#page=23,,,,,,,,,,,,
NSAA,2016,Section 2 Physics,1a,3,NSAA-2016-Section-2.pdf,NSAA-2016-Section-2.pdf#page=3,,,,,,,,,,,,,subpart in pg[3-30]
NSAA,2016,Section 2 Physics,1b,26,NSAA-2016-Section-2.pdf,NSAA-2016-Section-2.pdf#page=26,,,,,,,,,,,,,subpart in pg[3-30]
NSAA,2016,Section 2 Physics,1c,26,NSAA-2016-Section-2.pdf,NSAA-2016-Section-2.pdf#page=26,,,,,,,,,,,,,subpart in pg[3-30]
NSAA,2016,Section 2 Physics,1d,27,NSAA-2016-Section-2.pdf,NSAA-2016-Section-2.pdf#page=27,,,,,,,,,,,,,subpart in pg[3-30]
NSAA,2016,Section 2 Physics,1e,28,NSAA-2016-Section-2.pdf,NSAA-2016-Section-2.pdf#page=28,,,,,,,,,,,,,subpart in pg[3-30]
NSAA,2016,Section 2 Physics,5a,31,NSAA-2016-Section-2.pdf,NSAA-2016-Section-2.pdf#page=31,,,,,,,,,,,,,subpart in pg[31-44]
NSAA,2016,Section 2 Physics,5b,31,NSAA-2016-Section-2.pdf,NSAA-2016-Section-2.pdf#page=31,,,,,,,,,,,,,subpart in pg[31-44]
NSAA,2016,Section 2 Physics,5c,32,NSAA-2016-Section-2.pdf,NSAA-2016-Section-2.pdf#page=32,,,,,,,,,,,,,subpart in pg[31-44]
NSAA,2016,Section 2 Physics,5d,32,NSAA-2016-Section-2.pdf,NSAA-2016-Section-2.pdf#page=32,,,,,,,,,,,,,subpart in pg[31-44]
NSAA,2016,Section 2 Physics,5e,39,NSAA-2016-Section-2.pdf,NSAA-2016-Section-2.pdf#page=39,,,,,,,,,,,,,subpart in pg[31-44]
NSAA,2017,Section 2 Physics,1a,3,NSAA-2017-Section-2.pdf,NSAA-2017-Section-2.pdf#page=3,,,,,,,,,,,,,subpart in pg[3-32]
NSAA,2017,Section 2 Physics,1b,3,NSAA-2017-Section-2.pdf,NSAA-2017-Section-2.pdf#page=3,,,,,,,,,,,,,subpart in pg[3-32]
NSAA,2017,Section 2 Physics,1c,4,NSAA-2017-Section-2.pdf,NSAA-2017-Section-2.pdf#page=4,,,,,,,,,,,,,subpart in pg[3-32]
NSAA,2017,Section 2 Physics,1d,4,NSAA-2017-Section-2.pdf,NSAA-2017-Section-2.pdf#page=4,,,,,,,,,,,,,subpart in pg[3-32]
NSAA,2017,Section 2 Physics,1e,10,NSAA-2017-Section-2.pdf,NSAA-2017-Section-2.pdf#page=10,,,,,,,,,,,,,subpart in pg[3-32]
NSAA,2017,Section 2 Physics,1f,10,NSAA-2017-Section-2.pdf,NSAA-2017-Section-2.pdf#page=10,,,,,,,,,,,,,subpart in pg[3-32]
NSAA,2017,Section 2 Physics,1g,11,NSAA-2017-Section-2.pdf,NSAA-2017-Section-2.pdf#page=11,,,,,,,,,,,,,subpart in pg[3-32]
NSAA,2017,Section 2 Physics,1h,11,NSAA-2017-Section-2.pdf,NSAA-2017-Section-2.pdf#page=11,,,,,,,,,,,,,subpart in pg[3-32]
NSAA,2018,Section 2 Physics,1a,3,NSAA-2018-Section-2.pdf,NSAA-2018-Section-2.pdf#page=3,,,,,,,,,,,,,subpart in pg[3-31]
NSAA,2018,Section 2 Physics,1b,16,NSAA-2018-Section-2.pdf,NSAA-2018-Section-2.pdf#page=16,,,,,,,,,,,,,subpart in pg[3-31]
NSAA,2018,Section 2 Physics,1c,16,NSAA-2018-Section-2.pdf,NSAA-2018-Section-2.pdf#page=16,,,,,,,,,,,,,subpart in pg[3-31]
NSAA,2018,Section 2 Physics,1d,24,NSAA-2018-Section-2.pdf,NSAA-2018-Section-2.pdf#page=24,,,,,,,,,,,,,subpart in pg[3-31]
NSAA,2018,Section 2 Physics,1e,24,NSAA-2018-Section-2.pdf,NSAA-2018-Section-2.pdf#page=24,,,,,,,,,,,,,subpart in pg[3-31]
NSAA,2019,Section 2 Physics,1a,4,NSAA-2019-Section-2.pdf,NSAA-2019-Section-2.pdf#page=4,,,,,,,,,,,,,subpart in pg[4-77]
NSAA,2019,Section 2 Physics,1b,9,NSAA-2019-Section-2.pdf,NSAA-2019-Section-2.pdf#page=9,,,,,,,,,,,,,subpart in pg[4-77]
NSAA,2019,Section 2 Physics,1c,17,NSAA-2019-Section-2.pdf,NSAA-2019-Section-2.pdf#page=17,,,,,,,,,,,,,subpart in pg[4-77]
NSAA,2019,Section 2 Physics,1d,17,NSAA-2019-Section-2.pdf,NSAA-2019-Section-2.pdf#page=17,,,,,,,,,,,,,subpart in pg[4-77]
NSAA,2019,Section 2 Physics,1e,18,NSAA-2019-Section-2.pdf,NSAA-2019-Section-2.pdf#page=18,,,,,,,,,,,,,subpart in pg[4-77]
NSAA,2019,Section 2 Physics,1f,18,NSAA-2019-Section-2.pdf,NSAA-2019-Section-2.pdf#page=18,,,,,,,,,,,,,subpart in pg[4-77]
NSAA,2019,Section 2 Physics,1g,19,NSAA-2019-Section-2.pdf,NSAA-2019-Section-2.pdf#page=19,,,,,,,,,,,,,subpart in pg[4-77]
NSAA,2019,Section 2 Physics,1h,19,NSAA-2019-Section-2.pdf,NSAA-2019-Section-2.pdf#page=19,,,,,,,,,,,,,subpart in pg[4-77]
NSAA,Specimen 2016,Section 2 Physics,1a,3,NSAA-Specimen-2016-Section-2.pdf,NSAA-Specimen-2016-Section-2.pdf#page=3,,,,,,,,,,,,,subpart in pg[3-17]
NSAA,Specimen 2016,Section 2 Physics,1b,3,NSAA-Specimen-2016-Section-2.pdf,NSAA-Specimen-2016-Section-2.pdf#page=3,,,,,,,,,,,,,subpart in pg[3-17]
NSAA,Specimen 2016,Section 2 Physics,1c,7,NSAA-Specimen-2016-Section-2.pdf,NSAA-Specimen-2016-Section-2.pdf#page=7,,,,,,,,,,,,,subpart in pg[3-17]
NSAA,Specimen 2016,Section 2 Physics,1d,7,NSAA-Specimen-2016-Section-2.pdf,NSAA-Specimen-2016-Section-2.pdf#page=7,,,,,,,,,,,,,subpart in pg[3-17]
NSAA,Specimen 2016,Section 2 Physics,1e,13,NSAA-Specimen-2016-Section-2.pdf,NSAA-Specimen-2016-Section-2.pdf#page=13,,,,,,,,,,,,,subpart in pg[3-17]
NSAA,Specimen 2016,Section 2 Physics,1f,13,NSAA-Specimen-2016-Section-2.pdf,NSAA-Specimen-2016-Section-2.pdf#page=13,,,,,,,,,,,,,subpart in pg[3-17]
NSAA,Specimen 2016,Section 2 Physics,5a,18,NSAA-Specimen-2016-Section-2.pdf,NSAA-Specimen-2016-Section-2.pdf#page=18,,,,,,,,,,,,,subpart in pg[18-24]
NSAA,Specimen 2016,Section 2 Physics,5b,18,NSAA-Specimen-2016-Section-2.pdf,NSAA-Specimen-2016-Section-2.pdf#page=18,,,,,,,,,,,,,subpart in pg[18-24]
NSAA,Specimen 2016,Section 2 Physics,5d,19,NSAA-Specimen-2016-Section-2.pdf,NSAA-Specimen-2016-Section-2.pdf#page=19,,,,,,,,,,,,,subpart in pg[18-24]
NSAA,Specimen 2016,Section 2 Physics,5e,19,NSAA-Specimen-2016-Section-2.pdf,NSAA-Specimen-2016-Section-2.pdf#page=19,,,,,,,,,,,,,subpart in pg[18-24]
